{
  "train_loss": [
    1.5459281338085917,
    1.484140360880198,
    1.4661064251413884,
    1.4520331765120884,
    1.4139759537558885,
    1.4079538543269319,
    1.3842447448826436,
    1.3738442584403656,
    1.3513023785825045,
    1.3170297189328655,
    1.3378169284676606,
    1.3143715483587493,
    1.289275665403162,
    1.2887513160705566,
    1.2638685847228428,
    1.2552677460436552,
    1.2552638355291115,
    1.2093555393458912,
    1.2147756294634358,
    1.2089199968853837,
    1.1978840898417826,
    1.2019485799021692,
    1.185721139038134,
    1.1740668370288874,
    1.1745499712866057,
    1.1714190824976507,
    1.1550503297421917,
    1.133704706033071,
    1.161369193874815,
    1.145571558280561,
    1.1683549299180134,
    1.1363752467077484,
    1.1353548424798738,
    1.1395009395461413,
    1.1254209089579073,
    1.1235392981355294,
    1.1154686564919334,
    1.128401442893646,
    1.1201391893362849
  ],
  "val_loss": [
    2.070652656409205,
    1.9846703604776033,
    1.9486915311034845,
    1.8839391421298592,
    1.8093062322966906,
    1.6906543556524782,
    1.6755904117409064,
    1.5560663999343405,
    1.565403688927086,
    1.6632188643727983,
    1.548234991881312,
    1.5091793026242937,
    1.501133303253018,
    1.4843895824588076,
    1.4998917068753923,
    1.4950405347103974,
    1.5597295347525149,
    1.5385107215569944,
    1.53018476038563,
    1.6081362768095366,
    1.9015532500889836,
    1.7447493854834109,
    1.9783107650523284,
    1.6421346676592925,
    1.6874775168847065,
    1.772957512310573,
    1.8107251597910512,
    1.7199078676651935,
    1.8649785032077713,
    1.8338991233280726,
    1.8895665954570382,
    1.991468680148222,
    1.8198925256729126,
    1.8428909462325427,
    1.8056906948284226,
    1.8535165154204076,
    1.8375790703053376,
    1.6832782188240363,
    1.878697244488463
  ]
}