{
  "train_loss": [
    0.49681967664469723,
    0.4793578952701296,
    0.4681815534894554,
    0.46406695510985274,
    0.4629173181687832,
    0.4585655200541578,
    0.4513234267496083,
    0.4459145092543029,
    0.44470408810242185,
    0.44336719721792067,
    0.4382094042113812,
    0.4301350464602555,
    0.4436103937087853,
    0.43103613540605407,
    0.4335905751394727,
    0.4250682557583199,
    0.4218478066378045,
    0.423913981408289,
    0.43033618798510326,
    0.4283294620579236,
    0.42542457666513983,
    0.42315047384167886,
    0.42094079293874676,
    0.42094937744721633,
    0.4147871247967457,
    0.4169179529875581,
    0.41452581949515915,
    0.4128534540953014,
    0.41755165960089113,
    0.410876108788722,
    0.41045935809741196,
    0.402906068362344,
    0.4085237668328949,
    0.4141647716005156,
    0.40747504650729977,
    0.4081500300676941,
    0.39867874737170933,
    0.40081623319077164,
    0.3975843234765246,
    0.4043966942797828,
    0.4040421355776247,
    0.3967313492091852,
    0.3958241524632749,
    0.4023079193360357,
    0.40025422640988184,
    0.39854088137711907,
    0.39776702656020513,
    0.3967930371802577,
    0.396662899914111,
    0.39207620816688016,
    0.3956833547538532,
    0.38667591755219993,
    0.39437226137843334,
    0.39125342186870726,
    0.38835258559520586,
    0.38948090934203355,
    0.3916254845040259,
    0.39005107933785643,
    0.38929109211954693,
    0.3902530591094245,
    0.389769701839095,
    0.38933971612334856,
    0.39130104567906626
  ],
  "val_loss": [
    0.4904801040510588,
    0.47978540311885787,
    0.4725324586976933,
    0.45350279113914393,
    0.43566080920303923,
    0.43634292611592934,
    0.4233141216296184,
    0.42631303781195534,
    0.4236779730531234,
    0.4152489449404463,
    0.4050505822972406,
    0.41321384582338455,
    0.41336371008353895,
    0.41572445947912673,
    0.4159182295769076,
    0.4219101746625538,
    0.418840616941452,
    0.4058992381337323,
    0.4031610866136189,
    0.4220079560068589,
    0.4232821016372005,
    0.4129094276247145,
    0.4097939359236367,
    0.4180753477766544,
    0.410635411135758,
    0.40866366541838345,
    0.4079503474356253,
    0.41294089684003515,
    0.40376731806163546,
    0.4152731715878354,
    0.419134251000006,
    0.4102317754226395,
    0.4078703958022444,
    0.41164839154557337,
    0.4114035090313682,
    0.4079131412355206,
    0.4182305521602872,
    0.40278456724142725,
    0.41570018160192274,
    0.42108013735541816,
    0.41348197098019757,
    0.41477055911776384,
    0.4110018650942211,
    0.4154493637477295,
    0.4172471636458288,
    0.4156670972516265,
    0.4124489560911927,
    0.42205878096290783,
    0.4188752064976511,
    0.4206825268419483,
    0.40922805304768717,
    0.42250410891786405,
    0.4208950712710996,
    0.41561931250970574,
    0.4105186793623091,
    0.4146181508710113,
    0.4184218076965477,
    0.41839825978761985,
    0.4176625330236894,
    0.4179496320742595,
    0.41970546992519236,
    0.41685760187197335,
    0.42009292637245566
  ]
}