{
  "seq": "MH_05_difficult",
  "sigma_sweep": [
    0.01,
    0.05,
    0.1,
    0.3
  ],
  "sigma_process_vof": 0.5,
  "results": [
    {
      "outage_s": 5.0,
      "dr_final": 8.771318980791138,
      "dr_mean": 5.057318117773485,
      "tcn_final": 0.4481304734346603,
      "tcn_mean": 1.1886434987852892,
      "nekf_0.01_final": 0.4546362169434186,
      "nekf_0.01_mean": 1.33685624413957,
      "nekf_0.05_final": 2.7263467868771634,
      "nekf_0.05_mean": 3.158495164685742,
      "nekf_0.10_final": 6.076277764436071,
      "nekf_0.10_mean": 5.898420225574344,
      "nekf_0.30_final": 18.523642876863605,
      "nekf_0.30_mean": 13.948869502575986,
      "vof_final": 0.35440194851904677,
      "vof_mean": 1.147408875746308,
      "gps_final": 0.17244375535224513,
      "gps_mean": 0.14043017759301457
    },
    {
      "outage_s": 10.0,
      "dr_final": 15.82144636695,
      "dr_mean": 8.739345176182546,
      "tcn_final": 1.2053330041440424,
      "tcn_mean": 1.031145174202628,
      "nekf_0.01_final": 1.2928697836792575,
      "nekf_0.01_mean": 1.3077632727387858,
      "nekf_0.05_final": 3.079067899388192,
      "nekf_0.05_mean": 3.375875750184197,
      "nekf_0.10_final": 6.231104268280881,
      "nekf_0.10_mean": 6.429041339907389,
      "nekf_0.30_final": 19.3692527423664,
      "nekf_0.30_mean": 16.95929856970195,
      "vof_final": 1.305726362824015,
      "vof_mean": 0.9944775730439309,
      "gps_final": 0.32835707601125297,
      "gps_mean": 0.2195655519970684
    },
    {
      "outage_s": 30.0,
      "dr_final": 45.86669750715196,
      "dr_mean": 23.18133665963472,
      "tcn_final": 0.573483002183525,
      "tcn_mean": 0.9261322785494925,
      "nekf_0.01_final": 0.7593615918538209,
      "nekf_0.01_mean": 1.3510111046887907,
      "nekf_0.05_final": 3.197604122159929,
      "nekf_0.05_mean": 3.585271910099842,
      "nekf_0.10_final": 6.572809633640197,
      "nekf_0.10_mean": 6.745536762117669,
      "nekf_0.30_final": 19.16224731309048,
      "nekf_0.30_mean": 19.100091186012055,
      "vof_final": 0.44934558427809373,
      "vof_mean": 0.9133448751811867,
      "gps_final": 0.10436858785479436,
      "gps_mean": 0.20240414673783308
    },
    {
      "outage_s": 60.0,
      "dr_final": 95.11273561509616,
      "dr_mean": 47.131837259879774,
      "tcn_final": 0.8514395423579862,
      "tcn_mean": 0.899450987095726,
      "nekf_0.01_final": 0.8676476169868986,
      "nekf_0.01_mean": 1.2938691446002681,
      "nekf_0.05_final": 2.7696437548654624,
      "nekf_0.05_mean": 3.518822852261221,
      "nekf_0.10_final": 5.084986380281135,
      "nekf_0.10_mean": 6.534854345763041,
      "nekf_0.30_final": 18.238503014717633,
      "nekf_0.30_mean": 18.767043359958148,
      "vof_final": 0.8312486809007051,
      "vof_mean": 0.8827618764947905,
      "gps_final": 0.22942714772340614,
      "gps_mean": 0.15859556131200747
    }
  ]
}