{
  "train_loss": [
    1.075614168612212,
    1.0296586664934688,
    1.0310547648880195,
    1.0150027582770507,
    1.0008832386161726,
    1.0002118087225624,
    1.0084208905183438,
    0.972554737548858,
    0.9880873489491904,
    0.9923110419544467,
    0.9925341987945927,
    0.981960418958074,
    0.9807334729816732,
    0.9451399309521274,
    0.9746252792555555,
    0.9511892468273967,
    0.9627396393120989,
    0.9579969749846492,
    0.956571141387115,
    0.9380826588244576,
    0.9479790650220615,
    0.9493185283433859,
    0.954928552432273,
    0.9413723369641703,
    0.9457828151684957,
    0.9360965345833763,
    0.9345368388955633,
    0.9199313876679285,
    0.9269749576446127,
    0.9197172023023398,
    0.9287949114921229,
    0.9455685130114097,
    0.9296474684003563,
    0.9131786269514283,
    0.8988133541382003,
    0.921133989679132,
    0.9317743798019182,
    0.9173892674263138,
    0.9194607583544827,
    0.9271533370111357,
    0.8982245307091913,
    0.9086545052898052,
    0.9185676629877502,
    0.9150779180444585,
    0.882718313281762,
    0.9073418750180429,
    0.8878167559228657,
    0.9105742350722442,
    0.9058593812358501,
    0.8790277615878016,
    0.9061656109131027,
    0.8932231290319886,
    0.889109470159072,
    0.9051107894095388,
    0.8962825088269466,
    0.879230573117593,
    0.9012149448868999,
    0.8943597280054981,
    0.8834339272817224,
    0.8778466648017418,
    0.8686078329616538,
    0.9102993463480389,
    0.8791608504886821,
    0.9059318157500743,
    0.8874666686905672,
    0.9036039963306257,
    0.8802489411485503,
    0.8834519338495767,
    0.8888409834124655,
    0.882901522155469,
    0.8759673216889963,
    0.8771361433162107,
    0.8644450921422351,
    0.8741746369618033,
    0.8876615818347796,
    0.879296499719448,
    0.8866177549750524,
    0.8724529605595134,
    0.8911068172686345,
    0.8883166552896881,
    0.8921947217865109,
    0.8788175150483684,
    0.8761869150302143,
    0.8773029376868634,
    0.8914969083566449,
    0.8767898316110777,
    0.8768696286665245,
    0.8740747364592347,
    0.8609652565154791,
    0.8850760827703036,
    0.8876665711869648,
    0.8837733990994859,
    0.8811975750964232,
    0.8871876497612209,
    0.8910771663523132,
    0.8648771028361847,
    0.8894060584092943
  ],
  "val_loss": [
    1.552330190546905,
    1.5161267767224131,
    1.5358786813820464,
    1.5096826043310045,
    1.4697062694573704,
    1.4652373644370067,
    1.440207316302046,
    1.4403313389307335,
    1.428888805757595,
    1.413557342788841,
    1.4332707869855663,
    1.3925304605991025,
    1.3981603015827226,
    1.3814114761503438,
    1.3826683699330198,
    1.3853602844703046,
    1.385769661016102,
    1.381489562309241,
    1.3771097463897513,
    1.3713103167618377,
    1.3660579994509492,
    1.3509662862065472,
    1.358541049836557,
    1.3475014068657838,
    1.3317661719231666,
    1.339221704987031,
    1.3284550352941586,
    1.3377601995498318,
    1.3229241578639308,
    1.3156235620190826,
    1.3440973623643948,
    1.3251841047142126,
    1.3243794670587854,
    1.3169511431380163,
    1.3107672253741494,
    1.318406153479709,
    1.313227314435983,
    1.3011303312416318,
    1.30201512333713,
    1.3112070156049125,
    1.2989072700844535,
    1.3108584671835357,
    1.2986133443403847,
    1.2991719453395167,
    1.3058506342429148,
    1.2946638289131696,
    1.2898513596269148,
    1.2945250777504111,
    1.2980011756661571,
    1.2977769183207162,
    1.3056546205206763,
    1.289274980599367,
    1.2891737261904945,
    1.3040172676496868,
    1.2956153179271312,
    1.2959221571306638,
    1.2976797321174718,
    1.2964467529254624,
    1.2970626066002664,
    1.3032149710232699,
    1.2907221577590025,
    1.295493389383147,
    1.2963763861716548,
    1.2942440408694593,
    1.2959826491301574,
    1.2988019549393957,
    1.3020177868348133,
    1.3008312171018577,
    1.293777546701552,
    1.2912620954875704,
    1.292632317392132,
    1.2872408017327515,
    1.2900742348236374,
    1.2967590938640545,
    1.2973670913448816,
    1.2947384666792954,
    1.2941806293741058,
    1.2966251230692563,
    1.2932859896859037,
    1.2965151349954966,
    1.2953705116163325,
    1.2975987618482565,
    1.2953917248339593,
    1.2960952939111976,
    1.293586345563961,
    1.2942666452142257,
    1.2941794304908076,
    1.2962227669697775,
    1.2960280120372771,
    1.2966720844371409,
    1.2962874762619598,
    1.2959538610675667,
    1.296221133425266,
    1.2962345299841482,
    1.2962041499493997,
    1.296638669922382,
    1.296490986664084
  ]
}