{
  "seq": "MH_05_difficult",
  "n_samples": 22379,
  "duration_s": 111.8899998664856,
  "vel_error_at_5s": 49.2285456172213,
  "vel_error_at_10s": 99.98409485716437,
  "vel_error_at_30s": 298.12106351401985,
  "vel_error_at_60s": 606.2091734669162,
  "window_mse": 34.519222259521484,
  "window_mae": 3.587698459625244,
  "window_r2_mean": -628.7356785215446,
  "window_zero_predictor_mse": 0.0902651846408844,
  "window_mse_x": 0.17707766592502594,
  "window_mse_y": 0.1677248477935791,
  "window_mse_z": 103.212890625,
  "window_mae_x": 0.321309894323349,
  "window_mae_y": 0.290018230676651,
  "window_mae_z": 10.151766777038574,
  "window_r2_x": -0.7614783842606723,
  "window_r2_y": -0.45164156325256877,
  "window_r2_z": -1884.9939156171206
}