{
  "seq": "MH_05_difficult",
  "sigma_sweep": [
    0.01,
    0.05,
    0.1,
    0.3
  ],
  "sigma_process_vof": 0.5,
  "results": [
    {
      "outage_s": 5.0,
      "dr_final": 8.771318980791138,
      "dr_mean": 5.057318117773485,
      "tcn_final": 0.4759992061326959,
      "tcn_mean": 1.4695290340906422,
      "nekf_0.01_final": 0.4534682533105715,
      "nekf_0.01_mean": 1.5866851354038853,
      "nekf_0.05_final": 2.6994353989615223,
      "nekf_0.05_mean": 3.243404616120421,
      "nekf_0.10_final": 6.038337722962003,
      "nekf_0.10_mean": 5.917080409381752,
      "nekf_0.30_final": 18.479327153362348,
      "nekf_0.30_mean": 13.937153689439215,
      "vof_final": 0.4189327836784036,
      "vof_mean": 1.4247057029605772,
      "gps_final": 0.17244375535224513,
      "gps_mean": 0.14043017759301457
    },
    {
      "outage_s": 10.0,
      "dr_final": 15.82144636695,
      "dr_mean": 8.739345176182546,
      "tcn_final": 0.9082565472872489,
      "tcn_mean": 1.14453417047353,
      "nekf_0.01_final": 1.05579284702583,
      "nekf_0.01_mean": 1.4099886046789005,
      "nekf_0.05_final": 3.0162328906017413,
      "nekf_0.05_mean": 3.406271782335576,
      "nekf_0.10_final": 6.200712178420764,
      "nekf_0.10_mean": 6.427774596205385,
      "nekf_0.30_final": 19.356193139979084,
      "nekf_0.30_mean": 16.943391073277162,
      "vof_final": 1.1629237465229645,
      "vof_mean": 1.1117033778291798,
      "gps_final": 0.32835707601125297,
      "gps_mean": 0.2195655519970684
    },
    {
      "outage_s": 30.0,
      "dr_final": 45.86669750715196,
      "dr_mean": 23.18133665963472,
      "tcn_final": 0.5010725698639005,
      "tcn_mean": 0.9737721328469651,
      "nekf_0.01_final": 0.7141645433433501,
      "nekf_0.01_mean": 1.3846971552145098,
      "nekf_0.05_final": 3.0955693858284485,
      "nekf_0.05_mean": 3.5853889792826186,
      "nekf_0.10_final": 6.544699305679909,
      "nekf_0.10_mean": 6.7411632970448485,
      "nekf_0.30_final": 19.179569807269367,
      "nekf_0.30_mean": 19.094682642458913,
      "vof_final": 0.44012581222582625,
      "vof_mean": 0.9615390988651479,
      "gps_final": 0.10436858785479436,
      "gps_mean": 0.20240414673783308
    },
    {
      "outage_s": 60.0,
      "dr_final": 95.11273561509616,
      "dr_mean": 47.131837259879774,
      "tcn_final": 0.8427418830871752,
      "tcn_mean": 1.0139021067070453,
      "nekf_0.01_final": 0.8605228348209303,
      "nekf_0.01_mean": 1.3846679628185932,
      "nekf_0.05_final": 2.824740477467345,
      "nekf_0.05_mean": 3.520456833031281,
      "nekf_0.10_final": 5.747289757624479,
      "nekf_0.10_mean": 6.705160885943899,
      "nekf_0.30_final": 16.66259177888395,
      "nekf_0.30_mean": 18.972295866765936,
      "vof_final": 0.8162364299723133,
      "vof_mean": 1.0069437037702689,
      "gps_final": 0.22942714772340614,
      "gps_mean": 0.15859556131200747
    }
  ]
}