{
  "MH_05_difficult": {
    "split": "test",
    "n_windows": 888,
    "mse": 0.08913878351449966,
    "mae": 0.21136099100112915,
    "r2_mean": 0.018028457905743183,
    "zero_predictor_mse": 0.0902651846408844,
    "r2_x": 0.009470879012924316,
    "r2_y": -0.00024058987918151864,
    "r2_z": 0.04485508458348675,
    "corr_x": 0.10634901374578476,
    "corr_y": 0.05699250474572182,
    "corr_z": 0.2127566784620285,
    "mse_x": 0.09957578778266907,
    "mse_y": 0.11556930094957352,
    "mse_z": 0.05227125436067581
  },
  "MH_01_easy": {
    "split": "train",
    "n_windows": 1465,
    "mse": 0.05762564390897751,
    "mae": 0.16080553829669952,
    "r2_mean": 0.10255615859195888,
    "zero_predictor_mse": 0.06397132575511932,
    "r2_x": 0.12958034368132032,
    "r2_y": 0.08458685908503494,
    "r2_z": 0.09350127300952138,
    "corr_x": 0.36116260290145874,
    "corr_y": 0.30307698249816895,
    "corr_z": 0.32965290546417236,
    "mse_x": 0.0443771667778492,
    "mse_y": 0.07677394151687622,
    "mse_z": 0.05172589421272278
  },
  "MH_02_easy": {
    "split": "train",
    "n_windows": 1204,
    "mse": 0.04811332747340202,
    "mae": 0.15444090962409973,
    "r2_mean": 0.1655204092199113,
    "zero_predictor_mse": 0.057575490325689316,
    "r2_x": 0.20484133938417393,
    "r2_y": 0.15513156920933968,
    "r2_z": 0.13658831906622027,
    "corr_x": 0.4554550051689148,
    "corr_y": 0.4103201627731323,
    "corr_z": 0.4095398783683777,
    "mse_x": 0.039677806198596954,
    "mse_y": 0.06319509446620941,
    "mse_z": 0.04146697744727135
  },
  "MH_03_medium": {
    "split": "train",
    "n_windows": 1052,
    "mse": 0.25264519453048706,
    "mae": 0.33102846145629883,
    "r2_mean": 0.06643263997344495,
    "zero_predictor_mse": 0.269351601600647,
    "r2_x": 0.07464444787938773,
    "r2_y": 0.0379817662645181,
    "r2_z": 0.08667170577642902,
    "corr_x": 0.38668718934059143,
    "corr_y": 0.22668145596981049,
    "corr_z": 0.32228192687034607,
    "mse_x": 0.36913663148880005,
    "mse_y": 0.29872721433639526,
    "mse_z": 0.09007184207439423
  },
  "V1_01_easy": {
    "split": "train",
    "n_windows": 1150,
    "mse": 0.04879443347454071,
    "mae": 0.16699540615081787,
    "r2_mean": -0.02709723353928295,
    "zero_predictor_mse": 0.04741572588682175,
    "r2_x": -0.019344764938555192,
    "r2_y": -0.04046779674583334,
    "r2_z": -0.021479138933460318,
    "corr_x": 0.06866060942411423,
    "corr_y": -0.04956533759832382,
    "corr_z": 0.11672089248895645,
    "mse_x": 0.05045842379331589,
    "mse_y": 0.06585841625928879,
    "mse_z": 0.03006640262901783
  },
  "V1_02_medium": {
    "split": "train",
    "n_windows": 677,
    "mse": 0.33080464601516724,
    "mae": 0.4164265990257263,
    "r2_mean": 0.04431355119266859,
    "zero_predictor_mse": 0.35127073526382446,
    "r2_x": 0.027529703129463567,
    "r2_y": 0.08321572371425012,
    "r2_z": 0.022195226734292084,
    "corr_x": 0.1751018762588501,
    "corr_y": 0.3264540731906891,
    "corr_z": 0.16910940408706665,
    "mse_x": 0.34524068236351013,
    "mse_y": 0.5423745512962341,
    "mse_z": 0.10479866713285446
  },
  "MH_04_difficult": {
    "split": "val",
    "n_windows": 790,
    "mse": 0.10576760023832321,
    "mae": 0.2342027872800827,
    "r2_mean": 0.004881666359911237,
    "zero_predictor_mse": 0.10614100843667984,
    "r2_x": 0.013078778638266342,
    "r2_y": -0.00653910721131612,
    "r2_z": 0.00810532765278349,
    "corr_x": 0.12028738856315613,
    "corr_y": 0.031856391578912735,
    "corr_z": 0.13035646080970764,
    "mse_x": 0.11288061738014221,
    "mse_y": 0.13959090411663055,
    "mse_z": 0.06483137607574463
  }
}