{
  "seq": "MH_01_easy",
  "mse": 0.0093189686889326,
  "mae": 0.06757670286309575,
  "r2_mean": 0.7896618829193076,
  "zero_predictor_mse": 0.09213157874458552,
  "r2_x": 0.956888103697303,
  "r2_y": 0.967655080522238,
  "r2_z": 0.44444246453838165,
  "corr_x": 0.9799027616113818,
  "corr_y": 0.9854008216913872,
  "corr_z": 0.9030467766527861,
  "vel_error_at_5s": 0.33188969827593895,
  "vel_error_at_10s": 0.11696363019074081,
  "vel_error_at_30s": 0.30092581836212023,
  "vel_error_at_60s": 0.08520565593878375
}