{
  "seq": "MH_02_easy",
  "mse": 0.006401262107748933,
  "mae": 0.05845709494572118,
  "r2_mean": 0.8525489920551258,
  "zero_predictor_mse": 0.10555400840276943,
  "r2_x": 0.9660921090854561,
  "r2_y": 0.9654569915476945,
  "r2_z": 0.6260978755322267,
  "corr_x": 0.9833860410376463,
  "corr_y": 0.9887226632709988,
  "corr_z": 0.9146323780916017,
  "vel_error_at_5s": 0.4007110102804919,
  "vel_error_at_10s": 0.24882824603222553,
  "vel_error_at_30s": 0.19913861339288053,
  "vel_error_at_60s": 0.13235809657970488
}