{
  "train_loss": [
    0.08709663511140317,
    0.07505981431319947,
    0.0719809781294316,
    0.06948243631095422,
    0.06755844994016537,
    0.06732576751127475,
    0.0653684653814246,
    0.0647837404688684,
    0.06329322153475227,
    0.0619126072017158,
    0.061656524820662126,
    0.061356085400755815,
    0.060388441318418924,
    0.06041391297084529
  ],
  "val_loss": [
    0.04090312847944155,
    0.038806529792204295,
    0.03845993762827355,
    0.03841784899229329,
    0.0390047132798798,
    0.03877759287686653,
    0.038513634506970235,
    0.039680228896064845,
    0.039382047100698564,
    0.04004103443734178,
    0.039847640142048876,
    0.039811621926146554,
    0.04062043984322788,
    0.04011553362624286
  ]
}