{
  "train_loss": [
    0.5252191228892715,
    0.5073271038388496,
    0.5045563381914991,
    0.5045458482127686,
    0.49551697830343583,
    0.4858703046733734,
    0.4862660986889874,
    0.47934570435723384,
    0.4761558379665799,
    0.4709712575913969,
    0.48227788629994883,
    0.4761513571208963,
    0.47834120129082663,
    0.4679699585833583,
    0.4737445949107852,
    0.46239309046729615,
    0.46382253124271416,
    0.4625306241290123,
    0.4699187035661427,
    0.4591521574541658,
    0.46159480644467293,
    0.45766281242378076,
    0.46118487610234443,
    0.4625103427641263,
    0.4488909949197747,
    0.46026484109315446,
    0.44918560808117536,
    0.4535133166666038,
    0.45350969520134204,
    0.45600100729553233,
    0.450466042551662,
    0.45305398051031137,
    0.4451359034611456,
    0.4462062372718832,
    0.44547669410518864,
    0.44470581463658443,
    0.4426246386631075,
    0.45226520622439376,
    0.4457523009510085,
    0.44637384840353633,
    0.44116631429365305,
    0.4435615714303945,
    0.43960144524006706,
    0.4422905128825523,
    0.4368198527940662,
    0.4427028745716217,
    0.4384401203882162,
    0.4365950511597803,
    0.43735701097766216,
    0.4315315752731419,
    0.43198516364198414,
    0.4307418165210643,
    0.4375392272590004,
    0.4302408577645301,
    0.4353173817613672,
    0.43918448812623645,
    0.4332519892145155,
    0.43113411198207524,
    0.42947300090020585,
    0.42837179386251684,
    0.4286123896914716,
    0.4286253671255911,
    0.42717992021128265,
    0.43604531042633715,
    0.42307628725036195,
    0.4251406749711899,
    0.4265591096999408,
    0.43049664279867544,
    0.43080195170318886
  ],
  "val_loss": [
    0.49744484432135955,
    0.4942638575276242,
    0.4652212497554248,
    0.45081945657730105,
    0.4423157240016551,
    0.4272823440123208,
    0.42915400123294395,
    0.4254217267036438,
    0.4290945511830004,
    0.4325651128080827,
    0.4243081145648715,
    0.42028283212758316,
    0.4187428269205214,
    0.4235423734670953,
    0.4159806919248798,
    0.4201049696795548,
    0.4263216561154474,
    0.41491470253920254,
    0.4201312513291081,
    0.41377501450007476,
    0.4130141902573501,
    0.42413364814806587,
    0.41746615820293187,
    0.4204834083967571,
    0.4271714919730078,
    0.42143414065807683,
    0.41582771901842913,
    0.4144446213788624,
    0.425323190266573,
    0.41797413169583186,
    0.41472338830368427,
    0.42371964100040965,
    0.4213874628272238,
    0.4176045887077911,
    0.41558075222787977,
    0.42040654179416126,
    0.41316683382927616,
    0.41027974041202403,
    0.4234044290041622,
    0.4128159796135335,
    0.4097174071812931,
    0.4122117760060709,
    0.41440268128733093,
    0.40938295510750783,
    0.4161522209644318,
    0.41639825837521616,
    0.41756347259388693,
    0.41482009857515745,
    0.419360393587547,
    0.42044428737857675,
    0.4203822453565235,
    0.41514347806761537,
    0.41580967193917384,
    0.4183136085166207,
    0.418687248682674,
    0.4205545533306991,
    0.4193239082263995,
    0.4204203945926473,
    0.4144705433634263,
    0.4193230419973784,
    0.41631580040424687,
    0.41680876627753055,
    0.4179694940772238,
    0.4213712042645563,
    0.4198980735827096,
    0.41928750238841095,
    0.41864662472205827,
    0.41805122336254846,
    0.4148406481441063
  ]
}