{
  "train_loss": [
    1.0703984926712167,
    1.0469952758999663,
    1.0567634421769025,
    1.0510632370259487,
    1.042775706621288,
    1.0558004906145781,
    1.052452003237038,
    1.031308055876192,
    1.044962127141497,
    1.0571725467265165,
    1.0541722860761984,
    1.055824332005733,
    1.0538987444449703,
    1.0167368102839147,
    1.048978242569821,
    1.0333254600934154,
    1.040571929965994,
    1.0329286849396062,
    1.0387135792824096,
    1.0279976247154181,
    1.0325155061768103,
    1.0426689277520476,
    1.0431680969643051,
    1.0332131206009103,
    1.0369349500585927,
    1.015672824825266,
    1.0292946205348266,
    1.0204081170430106,
    1.0275192540048526,
    1.0219759177302792,
    1.0338997710749986,
    1.0462761620011476,
    1.0378434230876137,
    1.0205075354527569,
    1.0003179585644297,
    1.022585460163227,
    1.045590462195472,
    1.0294694933932371,
    1.033366209319913,
    1.0424652226006694,
    1.0134861638794304,
    1.0191926225424746,
    1.0451136738785376,
    1.0276085738194765,
    1.01024094102153,
    1.0364699688570147,
    1.0097496963051398,
    1.029218513366293,
    1.029108217066867,
    0.9998484083144293,
    1.0296994595762894,
    1.0178723476226197,
    1.0119661670974576,
    1.0242187199409623,
    1.0240505387471257,
    1.0043021963458558,
    1.0293586884239454,
    1.0159427594653125,
    1.0114472125971232,
    0.9997306093538564,
    0.9929238280189532,
    1.0410133921175893,
    1.0036258565698084,
    1.0293551496350402,
    1.0142745743716426,
    1.0353450127103503,
    1.0046529154714048,
    1.009093386004843,
    1.0287939052424957
  ],
  "val_loss": [
    1.5868728818772715,
    1.5526415080963811,
    1.569640134633342,
    1.5658745518213586,
    1.5571664824515958,
    1.548951166717312,
    1.5498210551618021,
    1.5469868037519576,
    1.55999988430663,
    1.5636777415305754,
    1.5600910051714016,
    1.5490146377418614,
    1.5396681595452224,
    1.5465248322185081,
    1.5344454674781123,
    1.534820185582849,
    1.5429748475551606,
    1.5240042754366427,
    1.5421990750711176,
    1.5398352932326402,
    1.520354921229278,
    1.5202082964438426,
    1.535286123541337,
    1.5077968438969382,
    1.5377033619941036,
    1.5275125460534156,
    1.52904679986495,
    1.5278984060770349,
    1.517406194874003,
    1.5185872590240044,
    1.5164975374559813,
    1.5155605402173875,
    1.5234059439429755,
    1.5197645437868335,
    1.5179633375210098,
    1.528869257923923,
    1.5248730389377738,
    1.512675397305549,
    1.5066657167446764,
    1.515392160717445,
    1.5192437821551215,
    1.5143882759009735,
    1.5013748603531076,
    1.4967996099327183,
    1.5104366409627696,
    1.5062389803838125,
    1.5077223083640956,
    1.5007222768626636,
    1.4985954833936088,
    1.5057748190964324,
    1.5018022016633914,
    1.5033347579497325,
    1.5011492548864098,
    1.4990299218817602,
    1.5013453334192686,
    1.5049802156943308,
    1.5046231123465525,
    1.5094164618208439,
    1.5014376563361929,
    1.5015596511243265,
    1.49814470410347,
    1.498427293496796,
    1.5000364947922622,
    1.4998712919935395,
    1.5003113017052034,
    1.5005518273462224,
    1.5040038036394723,
    1.5026809776131111,
    1.505377864384953
  ]
}