{
  "train_loss": [
    1.0544287863826647,
    1.038127087701229,
    1.0217401062170564,
    1.0124651765868513,
    0.990585931810611,
    0.9860073757111434,
    0.9675938257268876,
    0.9546242874560719,
    0.9583634851397222,
    0.9431488270970837,
    0.9236039997219418,
    0.8933689248322951,
    0.8865735713137951,
    0.8677671474858905,
    0.8687014861947376,
    0.8568828804872569,
    0.8416961314683084,
    0.8353423640914984,
    0.818402233044018,
    0.8510354632870037,
    0.8221035846187918,
    0.8107291394925482,
    0.7978044917516872,
    0.7992842740039636,
    0.7788900551367807,
    0.7856843191468981,
    0.7706193918565367,
    0.772075073894349,
    0.763584359419803,
    0.7588559312927284,
    0.7630330677643472,
    0.7485113933303857,
    0.7395423141040504,
    0.7067148736387806,
    0.7326322146652436,
    0.7262522975635092,
    0.7291909463777703,
    0.724512091938495,
    0.7300632354756795,
    0.6929396964105237,
    0.7062132728387641,
    0.7218984936302122,
    0.7118628485939829,
    0.6901233204335788,
    0.689874483945243,
    0.6869504234853633,
    0.6916108558162241,
    0.6752340939305681,
    0.6672754162622397,
    0.6917462644280555,
    0.6813571623668924,
    0.6735807739354579,
    0.6882398063186141,
    0.6691581335177985,
    0.6674185825674357,
    0.6625589039379516,
    0.6769723903169688,
    0.6689024742834384,
    0.6430124612082738,
    0.6439658896449388
  ],
  "val_loss": [
    1.5040782285887566,
    1.487262942258964,
    1.454216610268711,
    1.418139272638599,
    1.3871373432447842,
    1.3752611931175223,
    1.3669523713000291,
    1.3687205966704947,
    1.337447003425692,
    1.3275698030848637,
    1.3160681169851662,
    1.319080216576681,
    1.2985352923917344,
    1.301990047973745,
    1.3107411264611022,
    1.2895650711968123,
    1.2893906559252069,
    1.2756791556125406,
    1.268467569023447,
    1.2725206292651194,
    1.2763249601244622,
    1.2802196774260162,
    1.301692356996219,
    1.2659301306585522,
    1.2317417212154553,
    1.2493006325591252,
    1.270313799457477,
    1.246960313118937,
    1.245293995989558,
    1.2463280015132006,
    1.2993835605623778,
    1.2773072718049558,
    1.2838113397131186,
    1.3328933089285555,
    1.230047818035116,
    1.2861333689116456,
    1.2600839882707962,
    1.3015976134316085,
    1.2907498422486092,
    1.2927977258287122,
    1.3249740803333194,
    1.2997918452905572,
    1.3370933090634358,
    1.3028859304802498,
    1.3681229387250398,
    1.3108563875908132,
    1.266350604917692,
    1.2894510019313343,
    1.2749131977405694,
    1.2883712039579212,
    1.3254570616480639,
    1.2360066824861804,
    1.2902251739636101,
    1.3043122088817685,
    1.3453646224478018,
    1.3407614174706246,
    1.3652879264958375,
    1.329308260965835,
    1.3034084582572703,
    1.2900541851587612
  ]
}