{
  "x_mean": [
    [
      [
        0.03313516452908516,
        0.025228925049304962,
        0.06569711118936539,
        9.166409492492676,
        -0.02012581191956997,
        -3.3821098804473877
      ]
    ]
  ],
  "x_std": [
    [
      [
        0.2913283705711365,
        0.26039326190948486,
        0.18816843628883362,
        1.3903805017471313,
        0.571924090385437,
        1.0583164691925049
      ]
    ]
  ],
  "y_mean": [
    [
      5.4771400755271316e-05,
      -0.004507798235863447,
      -0.00011255995923420414
    ]
  ],
  "y_std": [
    [
      0.5036188364028931,
      0.552206814289093,
      0.20333030819892883
    ]
  ]
}