{
  "seq": "MH_05_difficult",
  "sigma_sweep": [
    0.01,
    0.05,
    0.1,
    0.3
  ],
  "sigma_process_vof": 0.5,
  "results": [
    {
      "outage_s": 5.0,
      "dr_final": 8.771318980791138,
      "dr_mean": 5.057318117773485,
      "tcn_final": 0.4208362242395091,
      "tcn_mean": 1.5204722986823747,
      "nekf_0.01_final": 0.4339701097574853,
      "nekf_0.01_mean": 1.6281748974615584,
      "nekf_0.05_final": 2.708438987999623,
      "nekf_0.05_mean": 3.2560835234435594,
      "nekf_0.10_final": 6.03282163034571,
      "nekf_0.10_mean": 5.915213218063435,
      "nekf_0.30_final": 18.462672941380912,
      "nekf_0.30_mean": 13.93009959529642,
      "vof_final": 0.38602250326129056,
      "vof_mean": 1.4761648723234662,
      "gps_final": 0.17244375535224513,
      "gps_mean": 0.14043017759301457
    },
    {
      "outage_s": 10.0,
      "dr_final": 15.82144636695,
      "dr_mean": 8.739345176182546,
      "tcn_final": 0.885313731487852,
      "tcn_mean": 1.1375008460408507,
      "nekf_0.01_final": 1.0183253268554517,
      "nekf_0.01_mean": 1.3896696034415286,
      "nekf_0.05_final": 2.9987924902185346,
      "nekf_0.05_mean": 3.380869051176423,
      "nekf_0.10_final": 6.170841968569552,
      "nekf_0.10_mean": 6.40060505641501,
      "nekf_0.30_final": 19.323289106818056,
      "nekf_0.30_mean": 16.92422637126077,
      "vof_final": 1.126249665777372,
      "vof_mean": 1.0855349603689646,
      "gps_final": 0.32835707601125297,
      "gps_mean": 0.2195655519970684
    },
    {
      "outage_s": 30.0,
      "dr_final": 45.86669750715196,
      "dr_mean": 23.18133665963472,
      "tcn_final": 0.4490589024022465,
      "tcn_mean": 0.9882337719330055,
      "nekf_0.01_final": 0.6575752170092628,
      "nekf_0.01_mean": 1.3852915611021956,
      "nekf_0.05_final": 3.157262743390001,
      "nekf_0.05_mean": 3.5808547721370534,
      "nekf_0.10_final": 6.741816337541704,
      "nekf_0.10_mean": 6.751141598506162,
      "nekf_0.30_final": 19.11955329185037,
      "nekf_0.30_mean": 19.08107285330211,
      "vof_final": 0.42461997192696194,
      "vof_mean": 0.9656259156782351,
      "gps_final": 0.10436858785479436,
      "gps_mean": 0.20240414673783308
    },
    {
      "outage_s": 60.0,
      "dr_final": 95.11273561509616,
      "dr_mean": 47.131837259879774,
      "tcn_final": 0.7465269545463741,
      "tcn_mean": 0.9819360508800005,
      "nekf_0.01_final": 0.7795307789917006,
      "nekf_0.01_mean": 1.3435964663355082,
      "nekf_0.05_final": 2.7432511413391247,
      "nekf_0.05_mean": 3.527474016208064,
      "nekf_0.10_final": 6.000909703393237,
      "nekf_0.10_mean": 6.748670695577722,
      "nekf_0.30_final": 15.849606033886097,
      "nekf_0.30_mean": 18.783251038237417,
      "vof_final": 0.7787233729316999,
      "vof_mean": 0.9650811367862796,
      "gps_final": 0.22942714772340614,
      "gps_mean": 0.15859556131200747
    }
  ]
}