{
  "train_loss": [
    0.47211262233496226,
    0.43931088511172006,
    0.4265040816724429,
    0.42122141470046204,
    0.40649686062946194,
    0.3901458511313003,
    0.3812614034085112,
    0.37537435333163255,
    0.3649216881955194,
    0.3523338204592187,
    0.35262693947136786,
    0.33586346161992925,
    0.32685218382930276,
    0.31381456305762373,
    0.3095187658703233,
    0.2922145609771423,
    0.28460830031063544,
    0.273515352346782,
    0.2614441917646507,
    0.2558068768339528,
    0.24161866337340257,
    0.24158675654938347,
    0.23185736423314005,
    0.22321331644969272,
    0.2134648162466034,
    0.2050607196487105
  ],
  "val_loss": [
    0.4004276812831058,
    0.4116154467757744,
    0.4228340729127956,
    0.4417866843410685,
    0.4328648617750482,
    0.4119840846786016,
    0.4089659220810178,
    0.4245889871180812,
    0.43138691948938973,
    0.41013579308232173,
    0.4244367032865935,
    0.40957562953610965,
    0.4341603851016564,
    0.4277635388736483,
    0.41722907522056674,
    0.4191126953197431,
    0.4323028314717208,
    0.42203756495367123,
    0.4337776034693175,
    0.4313238470614711,
    0.42309154898305484,
    0.42452488058730015,
    0.4299791250047804,
    0.4395063981979708,
    0.42546126382260385,
    0.4322927329359175
  ]
}