{
  "train_loss": [
    0.5010411293066571,
    0.48144430244407294,
    0.470795090175311,
    0.47000685009753523,
    0.4678330740313265,
    0.46189362511156956,
    0.45627703676141246,
    0.45192383278078024,
    0.4476638266570979,
    0.44878872702597883,
    0.4430726095765464,
    0.4360047938287387,
    0.44709017122917755,
    0.4360513966033677,
    0.44059295794391423,
    0.43137913714575954,
    0.42730878266655636,
    0.4321888634087632,
    0.4339245988382396,
    0.4337094697749434,
    0.42973496209999257,
    0.431905815561813,
    0.42589001910842916,
    0.42806201595235577,
    0.41859019144284443,
    0.42671310370915555,
    0.41735062746582224,
    0.4194662756600136,
    0.420602838105234,
    0.4164540350394191,
    0.4157432922804708,
    0.4102167989078321,
    0.41499206290540713,
    0.4213655384092255,
    0.41291923759734794,
    0.41529124738848633,
    0.4064706873575732,
    0.4064158732803416,
    0.40483156759788774,
    0.4111214966634752,
    0.40852270288783693,
    0.40533750084723685,
    0.39948013934112747,
    0.4118701539498572,
    0.4016053358599189,
    0.40715067558092616,
    0.4045472133907381,
    0.403857776262645,
    0.4054965692711289,
    0.3948967890852892,
    0.3970908298712457,
    0.39059185874316016
  ],
  "val_loss": [
    0.4937473359741742,
    0.48604602738271785,
    0.4741740078111238,
    0.46494870246211184,
    0.44607035215896895,
    0.4417433932612214,
    0.4368280806118929,
    0.43202441636520095,
    0.43379817031606843,
    0.43213046721265286,
    0.4192205046551137,
    0.431404554466658,
    0.4376560839671123,
    0.4301368968396247,
    0.4215218783933905,
    0.4330604875389534,
    0.43368190542052065,
    0.4160754944704756,
    0.4211184681216373,
    0.42926907456373864,
    0.43070212044293366,
    0.4208486072624786,
    0.420188933761814,
    0.4204804302016391,
    0.42043698867665064,
    0.4142376863503758,
    0.41264688825305507,
    0.41994809712035747,
    0.41750516401061527,
    0.4176357156113733,
    0.419200380768957,
    0.4168972213811512,
    0.4179716513126711,
    0.4202234434176095,
    0.41742003175276743,
    0.4192765512798406,
    0.42677916476998146,
    0.41570302451713176,
    0.4197481817082514,
    0.42775316434570504,
    0.42195778489112856,
    0.43123270522190044,
    0.4253160795079002,
    0.42222814989995355,
    0.42229218830036214,
    0.42082306410692916,
    0.4206436569932141,
    0.4311817956876151,
    0.42568318217615536,
    0.4272400275061402,
    0.42288964835903314,
    0.4325794123396089
  ]
}