{
  "seq": "MH_05_difficult",
  "sigma_sweep": [
    0.01,
    0.05,
    0.1,
    0.3
  ],
  "sigma_process_vof": 0.5,
  "results": [
    {
      "outage_s": 5.0,
      "dr_final": 8.771318980791138,
      "dr_mean": 5.057318117773485,
      "tcn_final": 0.171724078549286,
      "tcn_mean": 1.3734194162270734,
      "nekf_0.01_final": 0.23542681890324366,
      "nekf_0.01_mean": 1.5172931329214414,
      "nekf_0.05_final": 2.708943895988574,
      "nekf_0.05_mean": 3.2323398860492287,
      "nekf_0.10_final": 6.049618282819469,
      "nekf_0.10_mean": 5.9178149865992395,
      "nekf_0.30_final": 18.487868193715943,
      "nekf_0.30_mean": 13.940837940607695,
      "vof_final": 0.17061769778978142,
      "vof_mean": 1.3441631321862086,
      "gps_final": 0.17244375535224513,
      "gps_mean": 0.14043017759301457
    },
    {
      "outage_s": 10.0,
      "dr_final": 15.82144636695,
      "dr_mean": 8.739345176182546,
      "tcn_final": 1.111515015638619,
      "tcn_mean": 1.1137060857945233,
      "nekf_0.01_final": 1.182790260200553,
      "nekf_0.01_mean": 1.4058518865988388,
      "nekf_0.05_final": 3.0428949718420872,
      "nekf_0.05_mean": 3.428075459843718,
      "nekf_0.10_final": 6.242395126677267,
      "nekf_0.10_mean": 6.450506602035547,
      "nekf_0.30_final": 19.38929932520882,
      "nekf_0.30_mean": 16.956767751754487,
      "vof_final": 1.16247100003309,
      "vof_mean": 1.0792538736020025,
      "gps_final": 0.32835707601125297,
      "gps_mean": 0.2195655519970684
    },
    {
      "outage_s": 30.0,
      "dr_final": 45.86669750715196,
      "dr_mean": 23.18133665963472,
      "tcn_final": 0.5625794306002235,
      "tcn_mean": 0.9698613061490762,
      "nekf_0.01_final": 0.8026011903903519,
      "nekf_0.01_mean": 1.4010233678430253,
      "nekf_0.05_final": 3.1741591809249283,
      "nekf_0.05_mean": 3.6099980052905893,
      "nekf_0.10_final": 6.7784967899772814,
      "nekf_0.10_mean": 6.77913023236034,
      "nekf_0.30_final": 19.220462207042424,
      "nekf_0.30_mean": 19.10950877191626,
      "vof_final": 0.49699437852547823,
      "vof_mean": 0.9535782629153066,
      "gps_final": 0.10436858785479436,
      "gps_mean": 0.20240414673783308
    },
    {
      "outage_s": 60.0,
      "dr_final": 95.11273561509616,
      "dr_mean": 47.131837259879774,
      "tcn_final": 0.9916107717555934,
      "tcn_mean": 0.8975887771189212,
      "nekf_0.01_final": 1.0364545254322741,
      "nekf_0.01_mean": 1.3021667704211677,
      "nekf_0.05_final": 2.8979751712600432,
      "nekf_0.05_mean": 3.518935627907769,
      "nekf_0.10_final": 5.749451431711475,
      "nekf_0.10_mean": 6.7069185268086375,
      "nekf_0.30_final": 15.893314959026789,
      "nekf_0.30_mean": 18.76414477352549,
      "vof_final": 0.8950086809114591,
      "vof_mean": 0.8839757351108417,
      "gps_final": 0.22942714772340614,
      "gps_mean": 0.15859556131200747
    }
  ]
}