{
  "x_mean": [
    0.03292149677872658,
    0.025285178795456886,
    0.06576444208621979,
    9.165542602539062,
    -0.020359404385089874,
    -3.3814568519592285
  ],
  "x_std": [
    0.2908852696418762,
    0.2601727843284607,
    0.18805955350399017,
    1.3911138772964478,
    0.571783721446991,
    1.0579830408096313
  ],
  "y_mean": [
    0.0002321601059520617,
    -0.004070505034178495,
    0.00090609589824453
  ],
  "y_std": [
    0.5013047456741333,
    0.5519731044769287,
    0.20520685613155365
  ]
}