{
  "train_loss": [
    0.9942962265614443,
    0.9504146907314565,
    0.9348650894824814,
    0.927993439728359,
    0.9203536318533075,
    0.9173377728312271,
    0.913847908208955,
    0.9111757134491543,
    0.9076159714902722,
    0.9047623389921848,
    0.9026516410539736,
    0.8971058719563034,
    0.888199406299951,
    0.8731907489914564,
    0.847893693462108,
    0.8405555517418579,
    0.8299217543512021,
    0.8243422841126065,
    0.8186069837906076,
    0.8185480238506629,
    0.8081341223896674,
    0.8012532471110986,
    0.7986400440803864,
    0.7987480566936469,
    0.7965151929255552,
    0.7876843711865024,
    0.7800766456801936,
    0.7797029699919359,
    0.7719605217939652,
    0.7669377755818877,
    0.7712198058014396,
    0.7651237900152147,
    0.7647761345659412,
    0.7597920768665818,
    0.7539397666289371,
    0.7510896552283809,
    0.7475430438353581,
    0.7444137414296468,
    0.7434067695395752,
    0.735243709432254,
    0.7352978382470473,
    0.7346054910113976,
    0.7354380880511782,
    0.7269096411998917,
    0.724895468597892,
    0.7206822549771963,
    0.7240546820298681,
    0.7201883365523141,
    0.7166236489074035,
    0.710475107708817,
    0.7092905501899479,
    0.7093402282247003,
    0.7106826962165113,
    0.707522240374823,
    0.7047453127567124,
    0.6997433573944764,
    0.7060502514899152,
    0.6979155972318829,
    0.6934748988481437,
    0.6942144575358936,
    0.692652363597222,
    0.6878993045608952,
    0.6867248500668028,
    0.6841746179562694,
    0.6844832973660163,
    0.6800933165370293,
    0.6833168618334164,
    0.6837570103459388,
    0.6765359988002657,
    0.6728930326377821,
    0.6751029544656382,
    0.6710419021312546,
    0.6697651813615043,
    0.6722548073942556,
    0.6702835515610077,
    0.6689922110089715,
    0.6679671449481316,
    0.6673980908573799
  ],
  "val_loss": [
    1.476718013992115,
    1.4086621391529939,
    1.4007445081156127,
    1.3907923272677831,
    1.378136131228233,
    1.3601356404168266,
    1.35166953473675,
    1.3463786937752549,
    1.3309816699855181,
    1.3221119119196523,
    1.3170300588315846,
    1.2763882784210905,
    1.2282104808457044,
    1.2501937296925758,
    1.2590948148649566,
    1.249334596249522,
    1.2765500849607039,
    1.2294373427118575,
    1.26750164007654,
    1.2809647820433792,
    1.305088490855937,
    1.2358499911366676,
    1.3306625935496117,
    1.2589724307157555,
    1.2161668174120845,
    1.2604162972800586,
    1.2492293131594756,
    1.2862060927614873,
    1.2401652299627965,
    1.4112890216769005,
    1.3057617301843605,
    1.2765180882142515,
    1.3769259994127312,
    1.2454643146115907,
    1.2379428555770797,
    1.2572695637235836,
    1.2053333429657682,
    1.2775903812476568,
    1.2215050179131177,
    1.2281632861312555,
    1.2120328618555654,
    1.235596889135789,
    1.3089410407202584,
    1.200355400844496,
    1.322628233505755,
    1.2541642590444915,
    1.2426697727368803,
    1.2585323823958028,
    1.2500959549631392,
    1.293953794605878,
    1.2804337873750804,
    1.2987760317568877,
    1.2001252776505995,
    1.2705486623608335,
    1.3229361699551951,
    1.2430931901445195,
    1.3027775135575508,
    1.292433851835679,
    1.2850103274900087,
    1.2804438976608976,
    1.3750887172562736,
    1.3305500247040574,
    1.3462723371933918,
    1.388367050764512,
    1.3157872898238046,
    1.354425660809692,
    1.2960242008676335,
    1.353798580412962,
    1.3072755750344724,
    1.31644526549748,
    1.3364624496625395,
    1.3523409707205636,
    1.306541891122351,
    1.343463478039722,
    1.2764966147286552,
    1.361669623730134,
    1.3854984385626656,
    1.2424610865359405
  ]
}