{
  "train_loss": [
    1.0758399624327897,
    1.0283620674346887,
    1.0297439088276241,
    1.0126178368797691,
    0.9996722358413852,
    1.0007413973729873,
    1.0099711084515206,
    0.9736987507147256,
    0.9880149593741612,
    0.9925220905847632,
    0.9940023626773359,
    0.9834924636170933,
    0.9837756417277462,
    0.9473590302486017,
    0.9779832407190358,
    0.9538743867104933,
    0.9630382263389713,
    0.9590459034792035,
    0.9568999101710488,
    0.9394573410694358,
    0.9477992880596439,
    0.9511496894324115,
    0.9566341001724208,
    0.942885760338678,
    0.9487296825848058,
    0.9381661660426655,
    0.9362082797937684,
    0.9225196879266666,
    0.9301836465986426,
    0.9205341550831507,
    0.929243825353863,
    0.9471101033472884,
    0.9314083968836905,
    0.9153000372316843,
    0.90230934125143,
    0.9241821136153482,
    0.9369356807545935,
    0.9189900487124593,
    0.9227349403974313,
    0.9263271605585736,
    0.9007781816257008,
    0.9099826144724034,
    0.92044573524732,
    0.917614079809973,
    0.8853592668460885,
    0.9088985577167341,
    0.8908805886188708,
    0.9112705899293103,
    0.9091782421270383,
    0.8806621697888116,
    0.908956158581243,
    0.8949423757118458,
    0.8914832149339824,
    0.9036628514598288,
    0.8990244070813351,
    0.8789260759984691,
    0.9041346517314925,
    0.8934169313360586,
    0.8844600577884665,
    0.8785300798498287,
    0.8724573764655398,
    0.9116624151437471,
    0.8822733840255319,
    0.9056364945909803,
    0.8906761835026573,
    0.9059609098180533,
    0.882220935448129,
    0.8855881612004016,
    0.8898288032088134,
    0.8844689020442141,
    0.8787969602302546,
    0.8780621822867994,
    0.8679885568334987,
    0.8750049600026154,
    0.8913217495826417,
    0.8795270101017754,
    0.889052900524931,
    0.8732526346305991,
    0.8920918218773981,
    0.8925636464296698,
    0.8950617048548084,
    0.8794579276463532,
    0.8775854967493701,
    0.8775627606159649,
    0.8904949916370604,
    0.8778245129805574,
    0.8787578526006234,
    0.876430274362945,
    0.8637084006516376,
    0.8860248354700457,
    0.8887707249111931,
    0.8868511285647435,
    0.8803727250035703,
    0.8872410600878059,
    0.8944674035582397,
    0.8693691954355083,
    0.8882554119979392,
    0.855372149905098,
    0.8755422806310392,
    0.8799124115691488
  ],
  "val_loss": [
    1.550057189751275,
    1.5165239417100254,
    1.5373872249941283,
    1.5075724865816817,
    1.4763855507102193,
    1.4589902592610708,
    1.4395657533331763,
    1.4409996960736529,
    1.4305585295339174,
    1.4156536198869536,
    1.434151935275597,
    1.3924118070662777,
    1.4051799706265897,
    1.3889199154286445,
    1.3904634709599653,
    1.392737030077584,
    1.389153359207926,
    1.3939524640010883,
    1.381838963152487,
    1.3781600028653689,
    1.3792725080176245,
    1.364962577970722,
    1.3660680712778357,
    1.360220625279825,
    1.3480356442777417,
    1.352309025088443,
    1.3446195785757862,
    1.3421755267094961,
    1.3330601146704033,
    1.3301558913309364,
    1.3425121129313602,
    1.3352100972133347,
    1.3296452603762663,
    1.3268874126144603,
    1.327515782434729,
    1.3340644045721126,
    1.3190648215480998,
    1.3061204680913612,
    1.3079183255569844,
    1.3180246936369546,
    1.3063788079762761,
    1.3112202004541325,
    1.3017481844636458,
    1.3059814248658435,
    1.309525433069543,
    1.298342704093909,
    1.2895213403279269,
    1.2889607548713684,
    1.2937415399128878,
    1.2918021686469452,
    1.308724646025066,
    1.2958391461191299,
    1.2960906993739212,
    1.3056116323682325,
    1.2957824064206473,
    1.2975154912924465,
    1.288909114312522,
    1.2901817005646379,
    1.2941883238810528,
    1.2935838975483858,
    1.2900219679633274,
    1.2879703826542142,
    1.2927385038212884,
    1.2920068443575992,
    1.2908523903617377,
    1.2962913205352011,
    1.299221429492854,
    1.2952586958679972,
    1.2906106914900526,
    1.2885086399090442,
    1.2938617436191704,
    1.2853033450585378,
    1.2866207086587254,
    1.2897315124922162,
    1.2886126013496253,
    1.283151971992058,
    1.2846557912947256,
    1.289144634596909,
    1.2851886836788322,
    1.2874022562292557,
    1.2879330180868318,
    1.2904387030420423,
    1.2879207905334762,
    1.288623171969305,
    1.2875648837300795,
    1.2869501374190366,
    1.2858596267579476,
    1.2869199405742597,
    1.287520234117025,
    1.2884825541248803,
    1.287207804450506,
    1.2867596728892265,
    1.2870662091653557,
    1.2872495293617248,
    1.2874511567852165,
    1.288019501559342,
    1.2880525131768819,
    1.287909534158586,
    1.2879573618309408,
    1.2878889367550235
  ]
}