{
  "train_loss": [
    0.05509674137219434,
    0.04301678856214663,
    0.03813012783523375,
    0.03413806798579917,
    0.03139528469456854,
    0.02912958776579034,
    0.02717620532663525,
    0.02581359311694719,
    0.023880607146312564,
    0.022594995532186874,
    0.021289528684853797,
    0.020781089348798888,
    0.019391241836314865,
    0.01815233600861482,
    0.017717771308351705,
    0.017081753389233078,
    0.016375040795906636,
    0.01593936119657895,
    0.015383109435517005,
    0.014868859724044507,
    0.014277136157345053,
    0.014105562979771523,
    0.013636724438741797,
    0.013469630301773566,
    0.013228669317986061,
    0.012765406034805454,
    0.012510744976445833,
    0.01238652882479748,
    0.012076317599867104,
    0.012125195922797826,
    0.011732838942692657,
    0.011440493216366214,
    0.011440750460275633,
    0.011169826301895829,
    0.010974060764102173,
    0.01104372745350595,
    0.010764199293828124,
    0.010691656681948852,
    0.010528261986372705,
    0.010377400305663913,
    0.010502582460335513,
    0.010182841207326073,
    0.01023446015325939,
    0.009924199063878187,
    0.010018487393697933,
    0.009795555927811556,
    0.0097894145680387,
    0.009633493520641504,
    0.009686650700252156,
    0.009509165619585069
  ],
  "val_loss": [
    0.04398193842774312,
    0.04624233399778089,
    0.04697563771844106,
    0.047083182041000066,
    0.05246152270645657,
    0.049696364362540844,
    0.0567194186910599,
    0.05387797531967343,
    0.054110578466637436,
    0.05855493788161001,
    0.0542715891704693,
    0.05311968023743804,
    0.05940754184132822,
    0.05146679097110731,
    0.05504579563965438,
    0.05868899437702138,
    0.05805545502277686,
    0.057285768114031715,
    0.051887578253111896,
    0.0568131451055356,
    0.05644186947209228,
    0.056252214551004535,
    0.05675354387611829,
    0.05764969007257727,
    0.05432870559870448,
    0.059205880431004304,
    0.06184100880255882,
    0.06143129179137187,
    0.05798005687583888,
    0.058435420446869626,
    0.058009838297808515,
    0.05808142786948989,
    0.055458127703580745,
    0.060338665271269784,
    0.059636995676500035,
    0.058920990055145166,
    0.06155161283558973,
    0.05728949281023692,
    0.055990871408913234,
    0.05971126342468654,
    0.05841575457563432,
    0.05911117433096441,
    0.053344663636087176,
    0.054212999406536705,
    0.057760957755309816,
    0.05672726439725456,
    0.059151927570426005,
    0.05886277941901806,
    0.05782971394158616,
    0.05826174315548694
  ]
}