{
  "seq": "MH_05_difficult",
  "checkpoints": [
    "multi_seq",
    "v6",
    "v7"
  ],
  "results": [
    {
      "outage_s": 5.0,
      "outage_samples": 1000,
      "dr_final": 8.771318980791138,
      "dr_mean": 5.057318117773485,
      "multi_seq_final": 0.8301777970186203,
      "multi_seq_mean": 0.831177433152049,
      "v6_final": 0.9866614944662967,
      "v6_mean": 0.8780722821072929,
      "v7_final": 0.4759992061326959,
      "v7_mean": 1.4695290340906422,
      "ekf_gps_final": 0.17244375535224513,
      "ekf_gps_mean": 0.14043017759301457
    },
    {
      "outage_s": 10.0,
      "outage_samples": 2000,
      "dr_final": 15.82144636695,
      "dr_mean": 8.739345176182546,
      "multi_seq_final": 0.6002829348205486,
      "multi_seq_mean": 0.8081423320565813,
      "v6_final": 0.6138405504901695,
      "v6_mean": 0.848822338288886,
      "v7_final": 0.9082565472872489,
      "v7_mean": 1.14453417047353,
      "ekf_gps_final": 0.32835707601125297,
      "ekf_gps_mean": 0.2195655519970684
    },
    {
      "outage_s": 30.0,
      "outage_samples": 6000,
      "dr_final": 45.86669750715196,
      "dr_mean": 23.18133665963472,
      "multi_seq_final": 1.3562645724540994,
      "multi_seq_mean": 1.2605074935286413,
      "v6_final": 1.2437268716359395,
      "v6_mean": 1.2986098528630021,
      "v7_final": 0.5010725698639005,
      "v7_mean": 0.9737721328469651,
      "ekf_gps_final": 0.10436858785479436,
      "ekf_gps_mean": 0.20240414673783308
    },
    {
      "outage_s": 60.0,
      "outage_samples": 12000,
      "dr_final": 95.11273561509616,
      "dr_mean": 47.131837259879774,
      "multi_seq_final": 1.0685529714003168,
      "multi_seq_mean": 1.4411821585980675,
      "v6_final": 1.783574234368187,
      "v6_mean": 1.5878711502518714,
      "v7_final": 0.8427418830871752,
      "v7_mean": 1.0139021067070453,
      "ekf_gps_final": 0.22942714772340614,
      "ekf_gps_mean": 0.15859556131200747
    }
  ]
}