{
  "train_loss": [
    0.49837421227807865,
    0.47912321659241464,
    0.46850611270548376,
    0.4675555308043914,
    0.46540938333890897,
    0.45702051592113824,
    0.45483208542774284,
    0.44900240088935883,
    0.4437642631637337,
    0.44353131686687125,
    0.43698930886467324,
    0.4331946322706507,
    0.4447346502013918,
    0.4308979672842431,
    0.43398218513308623,
    0.4277234674789275,
    0.4252597315971509,
    0.42797719605036066,
    0.4291258058534222,
    0.4337265171330871,
    0.4244821994486866,
    0.4256170748718883,
    0.42484362329951963,
    0.4237870580658435,
    0.41712819893925673,
    0.4248825866452377,
    0.41631542226781754,
    0.4166422384457358,
    0.4175120187948828,
    0.4149790743141614,
    0.4154007516710038,
    0.40797237745703085,
    0.416441711016327,
    0.4199897462761308,
    0.4110539637844427,
    0.4138560014486141,
    0.40149790454701545,
    0.40700873889421163,
    0.40503264773467845,
    0.408443747167546,
    0.4053479294684093,
    0.405610674714217,
    0.3994968570258519
  ],
  "val_loss": [
    0.48051261532155776,
    0.47325447480889815,
    0.46520239688173126,
    0.4537894602063336,
    0.43984454817409757,
    0.4384426543984232,
    0.4342425442949126,
    0.4366730856744549,
    0.42729824170281616,
    0.4258374226998679,
    0.42334383801568914,
    0.42729436883443517,
    0.42652522227432155,
    0.4234886749635769,
    0.4301425727107857,
    0.4313011791132673,
    0.4298930522007278,
    0.4210940897464752,
    0.4260649739186975,
    0.42922675096535984,
    0.4238815201234214,
    0.4233457019811944,
    0.42690262213537966,
    0.42346002384077147,
    0.42571683835379687,
    0.42281108423124386,
    0.42627059213722807,
    0.42734315342540985,
    0.42896848773654506,
    0.4245466104791134,
    0.42720172503326515,
    0.4273620339888561,
    0.4282249039486994,
    0.42761904272852064,
    0.42687166099306906,
    0.4232345009151893,
    0.42565389237826384,
    0.4216744479499286,
    0.42546743373327617,
    0.42808809167222134,
    0.4232168911378595,
    0.42376847418048713,
    0.42438980710657337
  ]
}