{
  "train_loss": [
    1.0406337386663762,
    0.9902164408818949,
    0.9892497260213925,
    0.9841189299510995,
    0.9418864086071962,
    0.9589417430508762,
    0.9550072830173311,
    0.9384035054836407,
    0.945692270289386,
    0.9328476448682667,
    0.901772273081583,
    0.9099688402077325,
    0.9033121801300168,
    0.891850270987864,
    0.8986202479342323,
    0.8897195361980537,
    0.8672005241329818,
    0.869933933145662,
    0.8810196725670584,
    0.8706480720403518,
    0.8564678055192683,
    0.8601353755385593,
    0.8408545624210952,
    0.8462035162708399,
    0.8303177809099154,
    0.8284788093813341,
    0.8328275467328197,
    0.8173150474239161,
    0.8324062910598988,
    0.821851198376392,
    0.8092444452066951,
    0.8020311430831766,
    0.7914358525884833,
    0.8151684735375825,
    0.8031458965109584,
    0.7831950275993198,
    0.7990590237226912,
    0.7664645795254569,
    0.7821350682407221,
    0.7785181762654985,
    0.7882510605694824,
    0.7508412410527724,
    0.7528520283422716,
    0.7675542442520429
  ],
  "val_loss": [
    1.4882306063476998,
    1.4269493418403818,
    1.389563580404354,
    1.3701932228064235,
    1.3739097439790073,
    1.3864938759351078,
    1.360370345507996,
    1.3706989042366606,
    1.330832510054866,
    1.3194153431095654,
    1.3455832670006571,
    1.3492106155504153,
    1.3360027821003637,
    1.3600924959665612,
    1.333561728347706,
    1.3323453135882752,
    1.3456677501714682,
    1.3318772552888605,
    1.2997526595864115,
    1.3618189725694778,
    1.3631131570550459,
    1.3119890513299386,
    1.3365940093239652,
    1.36386114705967,
    1.3537582663041128,
    1.3256480434272864,
    1.3094748866708972,
    1.339196898891956,
    1.333181777785096,
    1.3442743612241141,
    1.313861523625217,
    1.354578731482542,
    1.388941893698294,
    1.3382469836669633,
    1.3539023878453653,
    1.316783852818646,
    1.389922798660737,
    1.3474337120599384,
    1.3615063700494887,
    1.3391263515134402,
    1.3436552064328253,
    1.3513737849796874,
    1.3709642337847359,
    1.3768151545826393
  ]
}