{
  "x_mean": [
    [
      [
        0.03270130604505539,
        0.025278814136981964,
        0.06579673290252686,
        9.166821479797363,
        -0.019938001409173012,
        -3.3811378479003906
      ]
    ]
  ],
  "x_std": [
    [
      [
        0.29042720794677734,
        0.26030683517456055,
        0.18798130750656128,
        1.4042203426361084,
        0.5749564170837402,
        1.0602940320968628
      ]
    ]
  ],
  "y_mean": [
    [
      6.525871867779642e-05,
      -0.004469238221645355,
      0.0009632859728299081
    ]
  ],
  "y_std": [
    [
      0.5017286539077759,
      0.5501322150230408,
      0.20412348210811615
    ]
  ]
}