{
  "train_loss": [
    0.13995725817296173,
    0.13358358758425834,
    0.13156987773959553,
    0.13080323395663745,
    0.12977067373085985,
    0.12889177922129888,
    0.1279378750488409,
    0.12705662612089513,
    0.12683733876340667,
    0.12626047208958938,
    0.12611510218393054,
    0.12542931595850781,
    0.1245558638536595,
    0.1246568454025285,
    0.12440057977679486,
    0.1235308620350861,
    0.12312506008476942,
    0.12244023898886362,
    0.1231601793901819,
    0.12200293281178037,
    0.12209259357139543,
    0.12167275186679134,
    0.12152533539891157,
    0.12184340001312881,
    0.12127785874556189,
    0.12025670582601812,
    0.1206843941845134,
    0.12052511333044089,
    0.12078270278521898,
    0.12023223854907572,
    0.12057424289400662
  ],
  "val_loss": [
    0.10818366412827864,
    0.10669433943031333,
    0.10645945635447397,
    0.1059521115939074,
    0.10587493278369119,
    0.10589703690685048,
    0.10577107512781136,
    0.10600419712689103,
    0.10613029673931342,
    0.10595371612359451,
    0.10576760870274864,
    0.1059386213958452,
    0.10606371179647461,
    0.10615056682189432,
    0.10601315932890659,
    0.10628770530176691,
    0.10614641063103948,
    0.10648511702171232,
    0.1064922904784355,
    0.10655274910828735,
    0.10691345579969355,
    0.10684992786072478,
    0.10684873254238805,
    0.10697936254871797,
    0.10682785441698153,
    0.1070498006465503,
    0.10689103338584492,
    0.10720136790430244,
    0.10707176976330296,
    0.1071221220106641,
    0.10719612301857788
  ]
}