{
  "seq": "MH_05_difficult",
  "sigma_sweep": [
    0.01,
    0.05,
    0.1,
    0.3
  ],
  "sigma_process_vof": 0.5,
  "results": [
    {
      "outage_s": 5.0,
      "dr_final": 8.771318980791138,
      "dr_mean": 5.057318117773485,
      "tcn_final": 0.32964044432241835,
      "tcn_mean": 1.1835688223911054,
      "nekf_0.01_final": 0.31187213643893297,
      "nekf_0.01_mean": 1.2945634134234743,
      "nekf_0.05_final": 2.638874972931145,
      "nekf_0.05_mean": 3.1164162623126668,
      "nekf_0.10_final": 5.983164839500097,
      "nekf_0.10_mean": 5.86284004945833,
      "nekf_0.30_final": 18.453559594254383,
      "nekf_0.30_mean": 13.9289690275774,
      "vof_final": 0.2837187304740637,
      "vof_mean": 1.1468934991088873,
      "gps_final": 0.17244375535224513,
      "gps_mean": 0.14043017759301457
    },
    {
      "outage_s": 10.0,
      "dr_final": 15.82144636695,
      "dr_mean": 8.739345176182546,
      "tcn_final": 1.3462300913119691,
      "tcn_mean": 0.9855092718024829,
      "nekf_0.01_final": 1.3986081840176559,
      "nekf_0.01_mean": 1.2452671604866192,
      "nekf_0.05_final": 3.1003771804127935,
      "nekf_0.05_mean": 3.324260529369136,
      "nekf_0.10_final": 6.222217047609756,
      "nekf_0.10_mean": 6.381934315841769,
      "nekf_0.30_final": 19.335652689169713,
      "nekf_0.30_mean": 16.924062635950126,
      "vof_final": 1.3147688882402053,
      "vof_mean": 0.9507676930158091,
      "gps_final": 0.32835707601125297,
      "gps_mean": 0.2195655519970684
    },
    {
      "outage_s": 30.0,
      "dr_final": 45.86669750715196,
      "dr_mean": 23.18133665963472,
      "tcn_final": 0.5459074163312432,
      "tcn_mean": 0.9725650937547501,
      "nekf_0.01_final": 0.7552645466230498,
      "nekf_0.01_mean": 1.3704852208470044,
      "nekf_0.05_final": 3.185096433572862,
      "nekf_0.05_mean": 3.5783245642294856,
      "nekf_0.10_final": 6.676782061629787,
      "nekf_0.10_mean": 6.742728745020721,
      "nekf_0.30_final": 19.113840608163095,
      "nekf_0.30_mean": 19.085490180251355,
      "vof_final": 0.48506780859214693,
      "vof_mean": 0.9546190972496511,
      "gps_final": 0.10436858785479436,
      "gps_mean": 0.20240414673783308
    },
    {
      "outage_s": 60.0,
      "dr_final": 95.11273561509616,
      "dr_mean": 47.131837259879774,
      "tcn_final": 0.7404339606572703,
      "tcn_mean": 0.9490411357456512,
      "nekf_0.01_final": 0.7727258749406953,
      "nekf_0.01_mean": 1.3254153153321249,
      "nekf_0.05_final": 2.9271835079792305,
      "nekf_0.05_mean": 3.548766752372252,
      "nekf_0.10_final": 5.625725170187009,
      "nekf_0.10_mean": 6.720161746588238,
      "nekf_0.30_final": 17.431446884554866,
      "nekf_0.30_mean": 19.01504731175397,
      "vof_final": 0.768889395914747,
      "vof_mean": 0.9403268640788354,
      "gps_final": 0.22942714772340614,
      "gps_mean": 0.15859556131200747
    }
  ]
}